{
    "author": "SimCenter Site Response Tool",
    "basicSettings": {
        "OpenSeesPath": "/Users/simcenter/Codes/OpenSees-March2019/bin/opensees",
        "dampingCoeff": 90.0,
        "dashpotCoeff": 360.0,
        "eSizeH": 0.25,
        "eSizeV": 0.25,
        "groundMotion": "/Users/simcenter/Codes/SimCenter/s3hark/Examples/SRT-GM-Input-Style3.json",
        "groundWaterTable": 0.0,
        "rockDen": 2.0,
        "rockVs": 180.0,
        "simType": "2D1D",
        "slopex1": 0.0,
        "slopex2": 0.0
    },
    "materials": [
        {
            "E": 168480.0,
            "density": 2.0,
            "id": 1,
            "poisson": 0.3,
            "type": "Elastic"
        },
        {
            "Ado": -1.0,
            "Den": 2.0,
            "Dr": 0.47,
            "Fsed_min": -1.0,
            "G0": 500.0,
            "P_atm": 101.3,
            "Q": 10.0,
            "R": 1.5,
            "cdr": -1.0,
            "ce": -1.0,
            "cgd": 2.0,
            "ckaf": -1.0,
            "cz": 250.0,
            "emax": 0.8,
            "emin": 0.5,
            "h0": -1.0,
            "hpo": 0.45,
            "id": 2,
            "m": 0.01,
            "nb": 0.5,
            "nd": 0.1,
            "nu": 0.3,
            "p_sedo": -1.0,
            "phic": 33.0,
            "type": "PM4Sand",
            "z_max": -1.0
        },
        {
            "Ado": 0.8,
            "CG_consol": 2.0,
            "Den": 2.0,
            "Dr": 0.47,
            "G_o": 500.0,
            "P_atm": 101.3,
            "S_u": 100.0,
            "Su_Rat": 1.0,
            "Su_factor": 1.0,
            "ce": -1.0,
            "cgd": 3.0,
            "ckaf": 4.0,
            "cz": 100.0,
            "eInit": 0.9,
            "h0": 0.5,
            "h_po": 0.45,
            "id": 3,
            "lambda": 0.06,
            "m_m": 0.01,
            "nG": 0.75,
            "nb_dry": 0.5,
            "nb_wet": 0.8,
            "nd": 0.3,
            "nu": 0.3,
            "phicv": 32.0,
            "ru_max": -1.0,
            "type": "PM4Silt",
            "z_max": -1.0
        },
        {
            "Dr": 0.47,
            "cohesi": 18.0,
            "frictionAng": 0.0,
            "id": 4,
            "nd": 2.0,
            "noYieldSurf": 0.0,
            "peakShearStra": 0.1,
            "pressDependCoe": 0.0,
            "refBulkModul": 65000.0,
            "refPress": 100.0,
            "refShearModul": 13000.0,
            "rho": 2.0,
            "type": "PIMY"
        },
        {
            "Dr": 0.47,
            "PTAng": 31.0,
            "c": 0.1,
            "contrac1": 0.087,
            "contrac2": 5.0,
            "contrac3": 0.18,
            "cs1": 0.9,
            "cs2": 0.02,
            "cs3": 0.7,
            "dilat1": 0.0,
            "dilat2": 3.0,
            "dilat3": 0.0,
            "e": 0.6,
            "frictionAng": 31.0,
            "id": 5,
            "liquefac1": 1.0,
            "liquefac2": 0.0,
            "nd": 2.0,
            "noYieldSurf": 0.0,
            "pa": 101.0,
            "peakShearStra": 0.1,
            "pressDependCoe": 0.5,
            "refBulkModul": 160000.0,
            "refPress": 101.0,
            "refShearModul": 60000.0,
            "rho": 2.0,
            "type": "PDMY02"
        },
        {
            "A0": 0.704,
            "Den": 2.0,
            "Dr": 0.47,
            "G0": 125.0,
            "Mc": 1.25,
            "P_atm": 100.0,
            "c": 0.712,
            "ch": 0.968,
            "cz": 600.0,
            "e0": 0.934,
            "e_init": 0.8,
            "h0": 7.05,
            "id": 6,
            "ksi": 0.7,
            "lambda_c": 0.019,
            "m": 0.01,
            "nb": 1.1,
            "nd": 3.5,
            "nu": 0.05,
            "type": "ManzariDafalias",
            "z_max": 4.0
        },
        {
            "A0": 0.704,
            "Den": 2.0,
            "Dr": 0.47,
            "G0": 125.0,
            "Mc": 1.25,
            "P_atm": 100.0,
            "c": 0.712,
            "ch": 0.968,
            "cz": 600.0,
            "e0": 0.934,
            "e_init": 0.8,
            "h0": 7.05,
            "id": 7,
            "ksi": 0.7,
            "lambda_c": 0.019,
            "m": 0.01,
            "nb": 1.1,
            "nd": 3.5,
            "nu": 0.05,
            "type": "ManzariDafalias",
            "z_max": 4.0
        },
        {
            "A0": 0.704,
            "Den": 2.0,
            "Dr": 0.47,
            "G0": 125.0,
            "Mc": 1.25,
            "P_atm": 100.0,
            "c": 0.712,
            "ch": 0.968,
            "cz": 600.0,
            "e0": 0.934,
            "e_init": 0.8,
            "h0": 7.05,
            "id": 8,
            "ksi": 0.7,
            "lambda_c": 0.019,
            "m": 0.01,
            "nb": 1.1,
            "nd": 3.5,
            "nu": 0.05,
            "type": "ManzariDafalias",
            "z_max": 4.0
        },
        {
            "E": 168480.0,
            "density": 2.0,
            "id": 9,
            "poisson": 0.3,
            "type": "Elastic"
        }
    ],
    "name": "Configureation of Site Response Analysis of A Demo Site",
    "soilProfile": {
        "soilLayers": [
            {
                "Dr": 0.4663,
                "color": "#409b47",
                "density": 2.0,
                "eSize": 1.0,
                "hPerm": 1e-07,
                "id": 1,
                "material": 1,
                "name": "Layer 1",
                "thickness": 1.0,
                "uBulk": 2200000.0,
                "vPerm": 1e-07,
                "void": 0.66011,
                "vs": 180.0
            },
            {
                "Dr": 0.47,
                "color": "#d5431a",
                "density": 2.0,
                "eSize": 1.0,
                "hPerm": 1e-07,
                "id": 2,
                "material": 2,
                "name": "Layer 2",
                "thickness": 1.0,
                "uBulk": 2200000.0,
                "vPerm": 1e-07,
                "void": 0.46,
                "vs": 180.0
            },
            {
                "Dr": 0.47,
                "color": "#466de4",
                "density": 2.0,
                "eSize": 1.0,
                "hPerm": 1e-07,
                "id": 3,
                "material": 3,
                "name": "Layer 3",
                "thickness": 1.0,
                "uBulk": 2200000.0,
                "vPerm": 1e-07,
                "void": 0.46,
                "vs": 180.0
            },
            {
                "Dr": 0.47,
                "color": "#f1a5a1",
                "density": 2.0,
                "eSize": 1.0,
                "hPerm": 1e-07,
                "id": 4,
                "material": 4,
                "name": "Layer 4",
                "thickness": 1.0,
                "uBulk": 2200000.0,
                "vPerm": 1e-07,
                "void": 0.47,
                "vs": 180.0
            },
            {
                "Dr": 0.47,
                "color": "#56c8e1",
                "density": 2.0,
                "eSize": 1.0,
                "hPerm": 1e-07,
                "id": 5,
                "material": 5,
                "name": "Layer 5",
                "thickness": 1.0,
                "uBulk": 2200000.0,
                "vPerm": 1e-07,
                "void": 0.46,
                "vs": 180.0
            },
            {
                "Dr": 0.47,
                "color": "#a4d716",
                "density": 2.0,
                "eSize": 1.0,
                "hPerm": 1e-07,
                "id": 6,
                "material": 6,
                "name": "Layer 6",
                "thickness": 1.0,
                "uBulk": 2200000.0,
                "vPerm": 1e-07,
                "void": 0.46,
                "vs": 180.0
            },
            {
                "Dr": 0.47,
                "color": "#486857",
                "density": 2.0,
                "eSize": 1.0,
                "hPerm": 1e-07,
                "id": 7,
                "material": 7,
                "name": "Layer 7",
                "thickness": 1.0,
                "uBulk": 2200000.0,
                "vPerm": 1e-07,
                "void": 0.46,
                "vs": 180.0
            },
            {
                "Dr": 0.47,
                "color": "#faaa8a",
                "density": 2.0,
                "eSize": 1.0,
                "hPerm": 1e-07,
                "id": 8,
                "material": 8,
                "name": "Layer 8",
                "thickness": 1.0,
                "uBulk": 2200000.0,
                "vPerm": 1e-07,
                "void": 0.46,
                "vs": 180.0
            },
            {
                "Dr": 0.4663,
                "color": "Black",
                "density": 2.0,
                "eSize": 0.0,
                "hPerm": 1e-07,
                "id": 9,
                "material": 9,
                "name": "Rock",
                "thickness": 0.0,
                "uBulk": 2200000.0,
                "vPerm": 1e-07,
                "void": 0.66011,
                "vs": 180.0
            }
        ]
    }
}
